<?xml version="1.0" encoding="UTF-8"?>
<GenRun Id="synth_1" LaunchPart="xc7a100tcsg324-1" LaunchTime="1737470419" LaunchIncrCheckpoint="$PSRCDIR/utils_1/imports/synth_1/TOP.dcp">
  <File Type="PA-TCL" Name="TOP.tcl"/>
  <File Type="RDS-PROPCONSTRS" Name="TOP_drc_synth.rpt"/>
  <File Type="REPORTS-TCL" Name="TOP_reports.tcl"/>
  <File Type="RDS-RDS" Name="TOP.vds"/>
  <File Type="RDS-UTIL" Name="TOP_utilization_synth.rpt"/>
  <File Type="RDS-UTIL-PB" Name="TOP_utilization_synth.pb"/>
  <File Type="RDS-DCP" Name="TOP.dcp"/>
  <File Type="VDS-TIMINGSUMMARY" Name="TOP_timing_summary_synth.rpt"/>
  <File Type="VDS-TIMING-PB" Name="TOP_timing_summary_synth.pb"/>
  <FileSet Name="sources" Type="DesignSrcs" RelSrcDir="$PSRCDIR/sources_1" RelGenDir="$PGENDIR/sources_1">
    <Filter Type="Srcs"/>
    <File Path="$PSRCDIR/sources_1/imports/new/Accion_abierto.vhd">
      <FileInfo>
        <Attr Name="ImportPath" Val="$PPRDIR/../SelectorDisplay/SelectorDisplay.srcs/sources_1/new/Accion_abierto.vhd"/>
        <Attr Name="ImportTime" Val="1734649445"/>
        <Attr Name="UsedIn" Val="synthesis"/>
        <Attr Name="UsedIn" Val="simulation"/>
      </FileInfo>
    </File>
    <File Path="$PSRCDIR/sources_1/new/Accion_error.vhd">
      <FileInfo>
        <Attr Name="UsedIn" Val="synthesis"/>
        <Attr Name="UsedIn" Val="simulation"/>
      </FileInfo>
    </File>
    <File Path="$PSRCDIR/sources_1/imports/new/Accion_marcha.vhd">
      <FileInfo>
        <Attr Name="ImportPath" Val="$PPRDIR/../SelectorDisplay/SelectorDisplay.srcs/sources_1/new/Accion_marcha.vhd"/>
        <Attr Name="ImportTime" Val="1734685244"/>
        <Attr Name="UsedIn" Val="synthesis"/>
        <Attr Name="UsedIn" Val="simulation"/>
      </FileInfo>
    </File>
    <File Path="$PSRCDIR/sources_1/imports/PROYECTO VHDL/SelectorPiso/SelectorPiso.srcs/sources_1/imports/new/Antirrebotes.vhd">
      <FileInfo>
        <Attr Name="ImportPath" Val="$PPRDIR/../SelectorPiso/SelectorPiso.srcs/sources_1/imports/new/Antirrebotes.vhd"/>
        <Attr Name="ImportTime" Val="1734107326"/>
        <Attr Name="UsedIn" Val="synthesis"/>
        <Attr Name="UsedIn" Val="simulation"/>
      </FileInfo>
    </File>
    <File Path="$PSRCDIR/sources_1/imports/new/Bin_to_BCD.vhd">
      <FileInfo>
        <Attr Name="ImportPath" Val="$PPRDIR/../SelectorDisplay/SelectorDisplay.srcs/sources_1/new/Bin_to_BCD.vhd"/>
        <Attr Name="ImportTime" Val="1734646571"/>
        <Attr Name="UsedIn" Val="synthesis"/>
        <Attr Name="UsedIn" Val="simulation"/>
      </FileInfo>
    </File>
    <File Path="$PSRCDIR/sources_1/imports/PROYECTO VHDL/SelectorPiso/SelectorPiso.srcs/sources_1/imports/new/BotoneraAntirrebotes.vhd">
      <FileInfo>
        <Attr Name="ImportPath" Val="$PPRDIR/../SelectorPiso/SelectorPiso.srcs/sources_1/imports/new/BotoneraAntirrebotes.vhd"/>
        <Attr Name="ImportTime" Val="1734001003"/>
        <Attr Name="UsedIn" Val="synthesis"/>
        <Attr Name="UsedIn" Val="simulation"/>
      </FileInfo>
    </File>
    <File Path="$PSRCDIR/sources_1/imports/Downloads/ControlMovimiento.vhd">
      <FileInfo>
        <Attr Name="ImportPath" Val="$PPRDIR/../../../../../../../Downloads/ControlMovimiento.vhd"/>
        <Attr Name="ImportTime" Val="1734549385"/>
        <Attr Name="UsedIn" Val="synthesis"/>
        <Attr Name="UsedIn" Val="simulation"/>
      </FileInfo>
    </File>
    <File Path="$PSRCDIR/sources_1/imports/Downloads/ControlPuertas.vhd">
      <FileInfo>
        <Attr Name="ImportPath" Val="$PPRDIR/../../../../../../../Downloads/ControlPuertas.vhd"/>
        <Attr Name="ImportTime" Val="1734549391"/>
        <Attr Name="UsedIn" Val="synthesis"/>
        <Attr Name="UsedIn" Val="simulation"/>
      </FileInfo>
    </File>
    <File Path="$PSRCDIR/sources_1/imports/PROYECTO VHDL/project_1/project_1.srcs/sources_1/new/FSM.vhd">
      <FileInfo>
        <Attr Name="ImportPath" Val="$PPRDIR/../project_1/project_1.srcs/sources_1/new/FSM.vhd"/>
        <Attr Name="ImportTime" Val="1734548789"/>
        <Attr Name="UsedIn" Val="synthesis"/>
        <Attr Name="UsedIn" Val="simulation"/>
      </FileInfo>
    </File>
    <File Path="$PSRCDIR/sources_1/imports/new/FSM_DISPLAY.vhd">
      <FileInfo>
        <Attr Name="ImportPath" Val="$PPRDIR/../SelectorDisplay/SelectorDisplay.srcs/sources_1/new/FSM_DISPLAY.vhd"/>
        <Attr Name="ImportTime" Val="1734648319"/>
        <Attr Name="UsedIn" Val="synthesis"/>
        <Attr Name="UsedIn" Val="simulation"/>
      </FileInfo>
    </File>
    <File Path="$PSRCDIR/sources_1/imports/new/MultiplicadorPiso.vhd">
      <FileInfo>
        <Attr Name="ImportPath" Val="$PPRDIR/../Version1/Version1.srcs/sources_1/imports/new/MultiplicadorPiso.vhd"/>
        <Attr Name="ImportTime" Val="1734195709"/>
        <Attr Name="UsedIn" Val="synthesis"/>
        <Attr Name="UsedIn" Val="simulation"/>
      </FileInfo>
    </File>
    <File Path="$PSRCDIR/sources_1/imports/new/SalidaPantalla.vhd">
      <FileInfo>
        <Attr Name="ImportPath" Val="$PPRDIR/../SelectorDisplay/SelectorDisplay.srcs/sources_1/new/SalidaPantalla.vhd"/>
        <Attr Name="ImportTime" Val="1734695559"/>
        <Attr Name="UsedIn" Val="synthesis"/>
        <Attr Name="UsedIn" Val="simulation"/>
      </FileInfo>
    </File>
    <File Path="$PSRCDIR/sources_1/imports/PROYECTO VHDL/SelectorPiso/SelectorPiso.srcs/sources_1/new/SelectorPiso.vhd">
      <FileInfo>
        <Attr Name="ImportPath" Val="$PPRDIR/../SelectorPiso/SelectorPiso.srcs/sources_1/new/SelectorPiso.vhd"/>
        <Attr Name="ImportTime" Val="1734108699"/>
        <Attr Name="UsedIn" Val="synthesis"/>
        <Attr Name="UsedIn" Val="simulation"/>
      </FileInfo>
    </File>
    <File Path="$PSRCDIR/sources_1/imports/PROYECTO VHDL/project_1/project_1.srcs/sources_1/imports/new/Temporizador.vhd">
      <FileInfo>
        <Attr Name="ImportPath" Val="$PPRDIR/../project_1/project_1.srcs/sources_1/imports/new/Temporizador.vhd"/>
        <Attr Name="ImportTime" Val="1734517452"/>
        <Attr Name="UsedIn" Val="synthesis"/>
        <Attr Name="UsedIn" Val="simulation"/>
      </FileInfo>
    </File>
    <File Path="$PSRCDIR/sources_1/imports/new/accion_cerrado.vhd">
      <FileInfo>
        <Attr Name="ImportPath" Val="$PPRDIR/../SelectorDisplay/SelectorDisplay.srcs/sources_1/new/accion_cerrado.vhd"/>
        <Attr Name="ImportTime" Val="1734650080"/>
        <Attr Name="UsedIn" Val="synthesis"/>
        <Attr Name="UsedIn" Val="simulation"/>
      </FileInfo>
    </File>
    <File Path="$PSRCDIR/sources_1/new/TOP.vhd">
      <FileInfo>
        <Attr Name="UsedIn" Val="synthesis"/>
        <Attr Name="UsedIn" Val="simulation"/>
      </FileInfo>
    </File>
    <Config>
      <Option Name="DesignMode" Val="RTL"/>
      <Option Name="TopModule" Val="TOP"/>
    </Config>
  </FileSet>
  <FileSet Name="constrs_in" Type="Constrs" RelSrcDir="$PSRCDIR/constrs_1" RelGenDir="$PGENDIR/constrs_1">
    <Filter Type="Constrs"/>
    <File Path="$PSRCDIR/constrs_1/imports/digilent-xdc-master/Nexys-4-DDR-Master.xdc">
      <FileInfo>
        <Attr Name="ImportPath" Val="$PPRDIR/../../VIVADO/digilent-xdc-master/digilent-xdc-master/Nexys-4-DDR-Master.xdc"/>
        <Attr Name="ImportTime" Val="1729432040"/>
        <Attr Name="UsedIn" Val="synthesis"/>
        <Attr Name="UsedIn" Val="implementation"/>
      </FileInfo>
    </File>
    <Config>
      <Option Name="ConstrsType" Val="XDC"/>
    </Config>
  </FileSet>
  <FileSet Name="utils" Type="Utils" RelSrcDir="$PSRCDIR/utils_1" RelGenDir="$PGENDIR/utils_1">
    <Filter Type="Utils"/>
    <File Path="$PSRCDIR/utils_1/imports/synth_1/TOP.dcp">
      <FileInfo>
        <Attr Name="UsedIn" Val="synthesis"/>
        <Attr Name="UsedIn" Val="implementation"/>
        <Attr Name="UsedInSteps" Val="synth_1"/>
        <Attr Name="AutoDcp" Val="1"/>
      </FileInfo>
    </File>
    <Config>
      <Option Name="TopAutoSet" Val="TRUE"/>
    </Config>
  </FileSet>
  <Strategy Version="1" Minor="2">
    <StratHandle Name="Vivado Synthesis Defaults" Flow="Vivado Synthesis 2024"/>
    <Step Id="synth_design"/>
  </Strategy>
</GenRun>
