<?xml version="1.0" encoding="UTF-8"?>
<GenRun Id="impl_1" LaunchPart="xc7a100tcsg324-1" LaunchTime="1737470420">
  <File Type="ROUTE-PWR" Name="TOP_power_routed.rpt"/>
  <File Type="PA-TCL" Name="TOP.tcl"/>
  <File Type="ROUTE-PWR-SUM" Name="TOP_power_summary_routed.pb"/>
  <File Type="REPORTS-TCL" Name="TOP_reports.tcl"/>
  <File Type="OPT-RQA-PB" Name="TOP_rqa_opted.pb"/>
  <File Type="BITSTR-MMI" Name="TOP.mmi"/>
  <File Type="OPT-METHODOLOGY-DRC" Name="TOP_methodology_drc_opted.rpt"/>
  <File Type="INIT-TIMING" Name="TOP_timing_summary_init.rpt"/>
  <File Type="OPT-TIMING" Name="TOP_timing_summary_opted.rpt"/>
  <File Type="OPT-DCP" Name="TOP_opt.dcp"/>
  <File Type="OPT-DRC" Name="TOP_drc_opted.rpt"/>
  <File Type="OPT-HWDEF" Name="TOP.hwdef"/>
  <File Type="PWROPT-DCP" Name="TOP_pwropt.dcp"/>
  <File Type="PWROPT-DRC" Name="TOP_drc_pwropted.rpt"/>
  <File Type="PWROPT-TIMING" Name="TOP_timing_summary_pwropted.rpt"/>
  <File Type="PLACE-DCP" Name="TOP_placed.dcp"/>
  <File Type="PLACE-IO" Name="TOP_io_placed.rpt"/>
  <File Type="PLACE-CLK" Name="TOP_clock_utilization_placed.rpt"/>
  <File Type="PLACE-UTIL" Name="TOP_utilization_placed.rpt"/>
  <File Type="PLACE-UTIL-PB" Name="TOP_utilization_placed.pb"/>
  <File Type="PLACE-CTRL" Name="TOP_control_sets_placed.rpt"/>
  <File Type="PLACE-SIMILARITY" Name="TOP_incremental_reuse_placed.rpt"/>
  <File Type="PLACE-PRE-SIMILARITY" Name="TOP_incremental_reuse_pre_placed.rpt"/>
  <File Type="BG-BIN" Name="TOP.bin"/>
  <File Type="PLACE-TIMING" Name="TOP_timing_summary_placed.rpt"/>
  <File Type="ROUTE-PWR-RPX" Name="TOP_power_routed.rpx"/>
  <File Type="PLACE-RQA-PB" Name="TOP_rqa_placed.pb"/>
  <File Type="POSTPLACE-PWROPT-DCP" Name="TOP_postplace_pwropt.dcp"/>
  <File Type="BITSTR-MSK" Name="TOP.msk"/>
  <File Type="POSTPLACE-PWROPT-TIMING" Name="TOP_timing_summary_postplace_pwropted.rpt"/>
  <File Type="PHYSOPT-DCP" Name="TOP_physopt.dcp"/>
  <File Type="PHYSOPT-DRC" Name="TOP_drc_physopted.rpt"/>
  <File Type="BITSTR-RBT" Name="TOP.rbt"/>
  <File Type="PHYSOPT-TIMING" Name="TOP_timing_summary_physopted.rpt"/>
  <File Type="ROUTE-ERROR-DCP" Name="TOP_routed_error.dcp"/>
  <File Type="ROUTE-DCP" Name="TOP_routed.dcp"/>
  <File Type="ROUTE-BLACKBOX-DCP" Name="TOP_routed_bb.dcp"/>
  <File Type="ROUTE-DRC" Name="TOP_drc_routed.rpt"/>
  <File Type="ROUTE-DRC-PB" Name="TOP_drc_routed.pb"/>
  <File Type="ROUTE-DRC-RPX" Name="TOP_drc_routed.rpx"/>
  <File Type="ROUTE-METHODOLOGY-DRC" Name="TOP_methodology_drc_routed.rpt"/>
  <File Type="ROUTE-METHODOLOGY-DRC-RPX" Name="TOP_methodology_drc_routed.rpx"/>
  <File Type="ROUTE-METHODOLOGY-DRC-PB" Name="TOP_methodology_drc_routed.pb"/>
  <File Type="ROUTE-RQS-PB" Name="TOP_rqs_routed.pb"/>
  <File Type="ROUTE-STATUS" Name="TOP_route_status.rpt"/>
  <File Type="ROUTE-STATUS-PB" Name="TOP_route_status.pb"/>
  <File Type="ROUTE-TIMINGSUMMARY" Name="TOP_timing_summary_routed.rpt"/>
  <File Type="ROUTE-TIMING-PB" Name="TOP_timing_summary_routed.pb"/>
  <File Type="ROUTE-TIMING-RPX" Name="TOP_timing_summary_routed.rpx"/>
  <File Type="ROUTE-SIMILARITY" Name="TOP_incremental_reuse_routed.rpt"/>
  <File Type="ROUTE-CLK" Name="TOP_clock_utilization_routed.rpt"/>
  <File Type="ROUTE-BUS-SKEW" Name="TOP_bus_skew_routed.rpt"/>
  <File Type="ROUTE-BUS-SKEW-PB" Name="TOP_bus_skew_routed.pb"/>
  <File Type="ROUTE-BUS-SKEW-RPX" Name="TOP_bus_skew_routed.rpx"/>
  <File Type="POSTROUTE-PHYSOPT-DCP" Name="TOP_postroute_physopt.dcp"/>
  <File Type="POSTROUTE-PHYSOPT-BLACKBOX-DCP" Name="TOP_postroute_physopt_bb.dcp"/>
  <File Type="POSTROUTE-PHYSOPT-TIMING" Name="TOP_timing_summary_postroute_physopted.rpt"/>
  <File Type="POSTROUTE-PHYSOPT-TIMING-PB" Name="TOP_timing_summary_postroute_physopted.pb"/>
  <File Type="POSTROUTE-PHYSOPT-TIMING-RPX" Name="TOP_timing_summary_postroute_physopted.rpx"/>
  <File Type="POSTROUTE-PHYSOPT-BUS-SKEW" Name="TOP_bus_skew_postroute_physopted.rpt"/>
  <File Type="BG-BIT" Name="TOP.bit"/>
  <File Type="POSTROUTE-PHYSOPT-BUS-SKEW-PB" Name="TOP_bus_skew_postroute_physopted.pb"/>
  <File Type="POSTROUTE-PHYSOPT-BUS-SKEW-RPX" Name="TOP_bus_skew_postroute_physopted.rpx"/>
  <File Type="BITSTR-NKY" Name="TOP.nky"/>
  <File Type="BITSTR-BMM" Name="TOP_bd.bmm"/>
  <File Type="PDI-FILE" Name="TOP.pdi"/>
  <File Type="BOOT-PDI-FILE" Name="TOP_boot.pdi"/>
  <File Type="PL-PDI-FILE" Name="TOP_pld.pdi"/>
  <File Type="RCFI_FILE" Name="TOP.rcfi"/>
  <File Type="CFI_FILE" Name="TOP.cfi"/>
  <File Type="RNPI_FILE" Name="TOP.rnpi"/>
  <File Type="NPI_FILE" Name="TOP.npi"/>
  <File Type="RBD_FILE" Name="TOP.rbd"/>
  <File Type="BITSTR-LTX" Name="debug_nets.ltx"/>
  <File Type="BITSTR-LTX" Name="TOP.ltx"/>
  <File Type="BITSTR-SYSDEF" Name="TOP.sysdef"/>
  <File Type="BG-BGN" Name="TOP.bgn"/>
  <File Type="BG-DRC" Name="TOP.drc"/>
  <File Type="RDI-RDI" Name="TOP.vdi"/>
  <File Type="WBT-USG" Name="usage_statistics_webtalk.html"/>
  <File Type="ROUTE-RQS" Name="TOP_routed.rqs"/>
  <File Type="POSTROUTE-PHYSOPT-RQS" Name="TOP_postroute_physopted.rqs"/>
  <File Type="ROUTE-RQS-RPT" Name="route_report_qor_suggestions_0.rpt"/>
  <File Type="POSTROUTE-PHYSOPT-RQS-RPT" Name="postroute_physopt_report_qor_suggestions_0.rpt"/>
  <FileSet Name="sources" Type="DesignSrcs" RelSrcDir="$PSRCDIR/sources_1" RelGenDir="$PGENDIR/sources_1">
    <Filter Type="Srcs"/>
    <File Path="$PSRCDIR/sources_1/imports/new/Accion_abierto.vhd">
      <FileInfo>
        <Attr Name="ImportPath" Val="$PPRDIR/../SelectorDisplay/SelectorDisplay.srcs/sources_1/new/Accion_abierto.vhd"/>
        <Attr Name="ImportTime" Val="1734649445"/>
        <Attr Name="UsedIn" Val="synthesis"/>
        <Attr Name="UsedIn" Val="simulation"/>
      </FileInfo>
    </File>
    <File Path="$PSRCDIR/sources_1/new/Accion_error.vhd">
      <FileInfo>
        <Attr Name="UsedIn" Val="synthesis"/>
        <Attr Name="UsedIn" Val="simulation"/>
      </FileInfo>
    </File>
    <File Path="$PSRCDIR/sources_1/imports/new/Accion_marcha.vhd">
      <FileInfo>
        <Attr Name="ImportPath" Val="$PPRDIR/../SelectorDisplay/SelectorDisplay.srcs/sources_1/new/Accion_marcha.vhd"/>
        <Attr Name="ImportTime" Val="1734685244"/>
        <Attr Name="UsedIn" Val="synthesis"/>
        <Attr Name="UsedIn" Val="simulation"/>
      </FileInfo>
    </File>
    <File Path="$PSRCDIR/sources_1/imports/PROYECTO VHDL/SelectorPiso/SelectorPiso.srcs/sources_1/imports/new/Antirrebotes.vhd">
      <FileInfo>
        <Attr Name="ImportPath" Val="$PPRDIR/../SelectorPiso/SelectorPiso.srcs/sources_1/imports/new/Antirrebotes.vhd"/>
        <Attr Name="ImportTime" Val="1734107326"/>
        <Attr Name="UsedIn" Val="synthesis"/>
        <Attr Name="UsedIn" Val="simulation"/>
      </FileInfo>
    </File>
    <File Path="$PSRCDIR/sources_1/imports/new/Bin_to_BCD.vhd">
      <FileInfo>
        <Attr Name="ImportPath" Val="$PPRDIR/../SelectorDisplay/SelectorDisplay.srcs/sources_1/new/Bin_to_BCD.vhd"/>
        <Attr Name="ImportTime" Val="1734646571"/>
        <Attr Name="UsedIn" Val="synthesis"/>
        <Attr Name="UsedIn" Val="simulation"/>
      </FileInfo>
    </File>
    <File Path="$PSRCDIR/sources_1/imports/PROYECTO VHDL/SelectorPiso/SelectorPiso.srcs/sources_1/imports/new/BotoneraAntirrebotes.vhd">
      <FileInfo>
        <Attr Name="ImportPath" Val="$PPRDIR/../SelectorPiso/SelectorPiso.srcs/sources_1/imports/new/BotoneraAntirrebotes.vhd"/>
        <Attr Name="ImportTime" Val="1734001003"/>
        <Attr Name="UsedIn" Val="synthesis"/>
        <Attr Name="UsedIn" Val="simulation"/>
      </FileInfo>
    </File>
    <File Path="$PSRCDIR/sources_1/imports/Downloads/ControlMovimiento.vhd">
      <FileInfo>
        <Attr Name="ImportPath" Val="$PPRDIR/../../../../../../../Downloads/ControlMovimiento.vhd"/>
        <Attr Name="ImportTime" Val="1734549385"/>
        <Attr Name="UsedIn" Val="synthesis"/>
        <Attr Name="UsedIn" Val="simulation"/>
      </FileInfo>
    </File>
    <File Path="$PSRCDIR/sources_1/imports/Downloads/ControlPuertas.vhd">
      <FileInfo>
        <Attr Name="ImportPath" Val="$PPRDIR/../../../../../../../Downloads/ControlPuertas.vhd"/>
        <Attr Name="ImportTime" Val="1734549391"/>
        <Attr Name="UsedIn" Val="synthesis"/>
        <Attr Name="UsedIn" Val="simulation"/>
      </FileInfo>
    </File>
    <File Path="$PSRCDIR/sources_1/imports/PROYECTO VHDL/project_1/project_1.srcs/sources_1/new/FSM.vhd">
      <FileInfo>
        <Attr Name="ImportPath" Val="$PPRDIR/../project_1/project_1.srcs/sources_1/new/FSM.vhd"/>
        <Attr Name="ImportTime" Val="1734548789"/>
        <Attr Name="UsedIn" Val="synthesis"/>
        <Attr Name="UsedIn" Val="simulation"/>
      </FileInfo>
    </File>
    <File Path="$PSRCDIR/sources_1/imports/new/FSM_DISPLAY.vhd">
      <FileInfo>
        <Attr Name="ImportPath" Val="$PPRDIR/../SelectorDisplay/SelectorDisplay.srcs/sources_1/new/FSM_DISPLAY.vhd"/>
        <Attr Name="ImportTime" Val="1734648319"/>
        <Attr Name="UsedIn" Val="synthesis"/>
        <Attr Name="UsedIn" Val="simulation"/>
      </FileInfo>
    </File>
    <File Path="$PSRCDIR/sources_1/imports/new/MultiplicadorPiso.vhd">
      <FileInfo>
        <Attr Name="ImportPath" Val="$PPRDIR/../Version1/Version1.srcs/sources_1/imports/new/MultiplicadorPiso.vhd"/>
        <Attr Name="ImportTime" Val="1734195709"/>
        <Attr Name="UsedIn" Val="synthesis"/>
        <Attr Name="UsedIn" Val="simulation"/>
      </FileInfo>
    </File>
    <File Path="$PSRCDIR/sources_1/imports/new/SalidaPantalla.vhd">
      <FileInfo>
        <Attr Name="ImportPath" Val="$PPRDIR/../SelectorDisplay/SelectorDisplay.srcs/sources_1/new/SalidaPantalla.vhd"/>
        <Attr Name="ImportTime" Val="1734695559"/>
        <Attr Name="UsedIn" Val="synthesis"/>
        <Attr Name="UsedIn" Val="simulation"/>
      </FileInfo>
    </File>
    <File Path="$PSRCDIR/sources_1/imports/PROYECTO VHDL/SelectorPiso/SelectorPiso.srcs/sources_1/new/SelectorPiso.vhd">
      <FileInfo>
        <Attr Name="ImportPath" Val="$PPRDIR/../SelectorPiso/SelectorPiso.srcs/sources_1/new/SelectorPiso.vhd"/>
        <Attr Name="ImportTime" Val="1734108699"/>
        <Attr Name="UsedIn" Val="synthesis"/>
        <Attr Name="UsedIn" Val="simulation"/>
      </FileInfo>
    </File>
    <File Path="$PSRCDIR/sources_1/imports/PROYECTO VHDL/project_1/project_1.srcs/sources_1/imports/new/Temporizador.vhd">
      <FileInfo>
        <Attr Name="ImportPath" Val="$PPRDIR/../project_1/project_1.srcs/sources_1/imports/new/Temporizador.vhd"/>
        <Attr Name="ImportTime" Val="1734517452"/>
        <Attr Name="UsedIn" Val="synthesis"/>
        <Attr Name="UsedIn" Val="simulation"/>
      </FileInfo>
    </File>
    <File Path="$PSRCDIR/sources_1/imports/new/accion_cerrado.vhd">
      <FileInfo>
        <Attr Name="ImportPath" Val="$PPRDIR/../SelectorDisplay/SelectorDisplay.srcs/sources_1/new/accion_cerrado.vhd"/>
        <Attr Name="ImportTime" Val="1734650080"/>
        <Attr Name="UsedIn" Val="synthesis"/>
        <Attr Name="UsedIn" Val="simulation"/>
      </FileInfo>
    </File>
    <File Path="$PSRCDIR/sources_1/new/TOP.vhd">
      <FileInfo>
        <Attr Name="UsedIn" Val="synthesis"/>
        <Attr Name="UsedIn" Val="simulation"/>
      </FileInfo>
    </File>
    <Config>
      <Option Name="DesignMode" Val="RTL"/>
      <Option Name="TopModule" Val="TOP"/>
    </Config>
  </FileSet>
  <FileSet Name="constrs_in" Type="Constrs" RelSrcDir="$PSRCDIR/constrs_1" RelGenDir="$PGENDIR/constrs_1">
    <Filter Type="Constrs"/>
    <File Path="$PSRCDIR/constrs_1/imports/digilent-xdc-master/Nexys-4-DDR-Master.xdc">
      <FileInfo>
        <Attr Name="ImportPath" Val="$PPRDIR/../../VIVADO/digilent-xdc-master/digilent-xdc-master/Nexys-4-DDR-Master.xdc"/>
        <Attr Name="ImportTime" Val="1729432040"/>
        <Attr Name="UsedIn" Val="synthesis"/>
        <Attr Name="UsedIn" Val="implementation"/>
      </FileInfo>
    </File>
    <Config>
      <Option Name="ConstrsType" Val="XDC"/>
    </Config>
  </FileSet>
  <FileSet Name="utils" Type="Utils" RelSrcDir="$PSRCDIR/utils_1" RelGenDir="$PGENDIR/utils_1">
    <Filter Type="Utils"/>
    <File Path="$PSRCDIR/utils_1/imports/synth_1/TOP.dcp">
      <FileInfo>
        <Attr Name="UsedIn" Val="synthesis"/>
        <Attr Name="UsedIn" Val="implementation"/>
        <Attr Name="UsedInSteps" Val="synth_1"/>
        <Attr Name="AutoDcp" Val="1"/>
      </FileInfo>
    </File>
    <Config>
      <Option Name="TopAutoSet" Val="TRUE"/>
    </Config>
  </FileSet>
  <Strategy Version="1" Minor="2">
    <StratHandle Name="Vivado Implementation Defaults" Flow="Vivado Implementation 2024"/>
    <Step Id="init_design"/>
    <Step Id="opt_design"/>
    <Step Id="power_opt_design"/>
    <Step Id="place_design"/>
    <Step Id="post_place_power_opt_design"/>
    <Step Id="phys_opt_design"/>
    <Step Id="route_design"/>
    <Step Id="post_route_phys_opt_design"/>
    <Step Id="write_bitstream"/>
  </Strategy>
</GenRun>
